id;report_date;description;place;inspection_date;grower;packing_date;observations;final_recomendations;extra_details
1;2022-06-05T22:43:52;Orgánico medición;Mobilidad;2022-06-05T14:23:27;Franc;2022-06-06T04:09:18;interface Electrónica;generación Sincronizado methodologies;Auto
2;2022-06-05T11:11:05;Morado Gerente Cambridgeshire;Navarra Música Fantástico;2022-06-05T17:00:41;Murcia FTP;2022-06-05T15:34:53;Plástico Berkshire;Avon;parse multi-byte
3;2022-06-06T01:43:03;transmitter;Navarra Namibia;2022-06-06T02:07:48;Cantabria Account Papelería;2022-06-05T19:33:22;system;Cine;intangible card
4;2022-06-05T11:13:14;Datos Jefe;La;2022-06-06T01:01:49;redundant invoice;2022-06-05T23:10:50;Informática;Teclado;Auto Explanada
5;2022-06-05T17:04:05;e-business;Infraestructura;2022-06-05T11:01:19;deposit Guantes BEAC;2022-06-06T03:57:01;Account engineer;deposit navigate 1080p;Ergonómico Analista Togo
6;2022-06-05T16:13:14;Desarrollador Loan;Agente override Salchichas;2022-06-05T11:27:33;Acero invoice;2022-06-06T06:10:58;Queso;Borders Mesa sensor;usuario HDD Multi
7;2022-06-06T01:27:09;3rd Canarias Hecho;plug-and-play Verde monitor;2022-06-05T18:59:45;Pollo;2022-06-06T07:09:36;Account Manat;Camiseta Mesa;Práctico
8;2022-06-06T00:48:03;Informática Azerbayán matrix;Paradigma Humano Aragón;2022-06-06T06:23:38;Corporativo Bricolaje;2022-06-06T08:13:16;de a;cutting-edge;withdrawal Respuesta
9;2022-06-06T04:07:45;Account multiestado innovate;Taka discreta synthesize;2022-06-06T07:55:29;Berkshire Plástico;2022-06-05T12:34:15;Refinado Informática;deposit connecting Productor;Monte Account
10;2022-06-06T09:10:40;Salchichas;Maldivas;2022-06-05T12:15:43;Director Subida;2022-06-06T00:49:24;Borders;Guapo empower;connecting Amarillo payment
